{"userid_326497976040030208": {"dailytime": 1587410175.1631813, "begtime": 1587351712.276063, "worktime": 0, "job": 3}, "userid_429069454601879572": {"dailytime": 1572649925.195132, "begtime": 1573687974.1463234, "worktime": 0, "job": 0}, "userid_516325745820303382": {"dailytime": 1572844084.5361001, "begtime": 1572317201.282184, "worktime": 0, "job": 0}, "userid_541482948155670548": {"dailytime": 1572843959.608574, "begtime": 1572317201.282184}, "worktime": 0, "job": 0, "userid_433736204853313536": {"dailytime": 1572317201.282184, "begtime": 1572317201.282184, "worktime": 0, "job": 0}, "userid_482986573537738753": {"dailytime": 1572317201.282184, "begtime": 1572317201.282184, "worktime": 0, "job": 0}, "userid_406990022634373121": {"dailytime": 1572317201.282184, "begtime": 1572317201.282184, "worktime": 0, "job": 0}, "userid_439180311994171412": {"dailytime": 1572844161.4983337, "begtime": 1572317201.282184, "worktime": 0, "job": 0}, "userid_520712287502467093": {"dailytime": 1572317201.282184, "begtime": 1572317201.282184, "worktime": 0, "job": 0}, "userid_508065590397894667": {"dailytime": 1572844106.8801644, "begtime": 1572317201.282184, "worktime": 0, "job": 0}, "userid_627003024925261866": {"dailytime": 1586838847.6543994, "begtime": 1586838847.6543994, "worktime": 0, "job": 0}, "userid_204255221017214977": {"dailytime": 1572844188.9787123, "begtime": 1572317201.282184, "worktime": 0, "job": 0}, "userid_633001413131108352": {"dailytime": 1572844188.9787123, "begtime": 1572844188.9787123, "worktime": 0, "job": 0}, "userid_456220387148169236": {"dailytime": 1587486754.5837033, "begtime": 1587172717.3735764, "worktime": 0, "job": 2}, "userid_660229063142539306": {"dailytime": 1586559834.2926822, "begtime": 1586559834.2926822, "worktime": 0, "job": 0}, "userid_651132086509633536": {"dailytime": 1586459017.8255482, "begtime": 1586459017.8255482, "worktime": 0, "job": 4}, "userid_695017742935523429": {"dailytime": 1586566043.8006427, "begtime": 1586566043.8006427, "worktime": 0, "job": 0}, "userid_699374725297602721": {"dailytime": 1586814453.9690442, "begtime": 1586814453.9690442, "worktime": 0, "job": 0}, "userid_688889174912401417": {"dailytime": 1587066683.2930744, "begtime": 1587149507.7674687, "worktime": 0, "job": 0}, "userid_239770148305764352": {"dailytime": 1587486547.7473376, "begtime": 1587085629.0269344, "worktime": 0, "job": 4}, "userid_580268737907654656": {"dailytime": 1587147022.344318, "begtime": 1587147022.344318, "worktime": 0, "job": 0}, "userid_551621645643808788": {"dailytime": 1587174602.0754068, "begtime": 1587174602.0754068, "worktime": 0, "job": 0}, "userid_584188842139975689": {"dailytime": 1587175557.0418577, "begtime": 1587175557.0418577, "worktime": 0, "job": 0}, "userid_700020537833029742": {"dailytime": 1587410209.3616574, "begtime": 1587410209.3616574, "worktime": 0, "job": 0}}