{"userid_326497976040030208": {"dailytime": 1573933582.3167346, "begtime": 1573938329.7626023, "worktime": 0, "job": 2}, "userid_429069454601879572": {"dailytime": 1572649925.195132, "begtime": 1573687974.1463234, "worktime": 0, "job": 0}, "userid_516325745820303382": {"dailytime": 1572844084.5361001, "begtime": 1572317201.282184, "worktime": 0, "job": 0}, "userid_541482948155670548": {"dailytime": 1572843959.608574, "begtime": 1572317201.282184}, "worktime": 0, "job": 0, "userid_433736204853313536": {"dailytime": 1572317201.282184, "begtime": 1572317201.282184, "worktime": 0, "job": 0}, "userid_482986573537738753": {"dailytime": 1572317201.282184, "begtime": 1572317201.282184, "worktime": 0, "job": 0}, "userid_406990022634373121": {"dailytime": 1572317201.282184, "begtime": 1572317201.282184, "worktime": 0, "job": 0}, "userid_439180311994171412": {"dailytime": 1572844161.4983337, "begtime": 1572317201.282184, "worktime": 0, "job": 0}, "userid_520712287502467093": {"dailytime": 1572317201.282184, "begtime": 1572317201.282184, "worktime": 0, "job": 0}, "userid_508065590397894667": {"dailytime": 1572844106.8801644, "begtime": 1572317201.282184, "worktime": 0, "job": 0}, "userid_627003024925261866": {"dailytime": 1572844146.9300952, "begtime": 1572317201.282184, "worktime": 0, "job": 0}, "userid_204255221017214977": {"dailytime": 1572844188.9787123, "begtime": 1572317201.282184, "worktime": 0, "job": 0}}